{"cameraMode":{"drawMode":0,"name":"Shaded","section":"Shading Mode"},"sceneLighting":false,"audioPlay":false,"sceneViewState":{"showFog":false,"showMaterialUpdate":false,"showSkybox":false,"showFlares":false,"showImageEffects":false,"showParticleSystems":false},"in2DMode":false,"pivot":{"x":0.12599915266036988,"y":-0.02100219391286373,"z":0.011165142059326172},"rotation":{"x":0.000013501909961632919,"y":0.9999583959579468,"z":-0.0015000205021351576,"w":0.008999872021377087},"size":11.500362396240235,"orthographic":false}